a1,a2,NOE
Res1 HA,Res4 HA,2.7
Res3 HA,Res2 HA,2.7
Res1 HB#,Res1 HB#,2.7
Res1 HA,Res2 HN,2.7
Res3 HA,Res4 HN,2.7
Res1 HB#,Res1 HN,2.7
Res2 HB#,Res2 HT4,2.7
Res1 HB#,Res1 HA,2.7
Res2 HB#,Res2 HA,2.7
Res4 HB#,Res4 HA,2.7
Res4 HB#,Res4 HA,2.7
Res2 HG,Res2 HA,2.7
Res1 HB#,Res2 HN,2.7
Res1 HA,Res1 HN,2.7
Res1 HB#,Res1 HA,2.7
Res2 HG,Res2 HT4,2.7
Res2 HA,Res2 HN,2.7
Res4 HA,Res4 HN,2.7
Res4 HB#,Res4 HN,2.7
Res2 HG,Res1 HB#,3.5
Res2 HG,Res2 HN,3.5
Res1 HB#,Res1 HN,3.5
Res2 HA,Res2 HT4,3.5
Res4 HA,Res1 HN,4.5