resid 1 and name HB,resid 1 and name HA,3.2,1.2,1.2
resid 1 and name HB,resid 1 and name HN,3.2,1.2,1.2
resid 2 and name HA,resid 2 and name HN,3.2,1.2,1.2
resid 3 and name HA,resid 2 and name HN,3.2,1.2,1.2
resid 3 and name HA,resid 3 and name HN,3.2,1.2,1.2
resid 3 and name HB2,resid 4 and name HN,3.2,1.2,1.2
resid 3 and name HB1,resid 4 and name HN,3.2,1.2,1.2
resid 4 and name HA,resid 4 and name HN,3.2,1.2,1.2
resid 4 and name HB2,resid 4 and name HN,3.2,1.2,1.2
resid 4 and name HB1,resid 4 and name HN,3.2,1.2,1.2
resid 5 and name HA,resid 5 and name HN,3.2,1.2,1.2
resid 5 and name HA,resid 6 and name HN,3.2,1.2,1.2
resid 5 and name HN,resid 4 and name HN,3.2,1.2,1.2
resid 6 and name HA,resid 7 and name HD2,3.2,1.2,1.2
resid 6 and name HA,resid 7 and name HD1,3.2,1.2,1.2
resid 6 and name HN,resid 5 and name HN,3.2,1.2,1.2
resid 7 and name HA,resid 7 and name HB2,3.2,1.2,1.2
resid 1 and name HA,resid 1 and name HN,4.5,1.6,1.6
resid 1 and name HG2#,resid 1 and name HN,4.5,1.6,1.6
resid 2 and name HB2,resid 2 and name HN,4.5,1.6,1.6
resid 2 and name HB2,resid 3 and name HN,4.5,1.6,1.6
resid 2 and name HB1,resid 2 and name HN,4.5,1.6,1.6
resid 2 and name HB1,resid 3 and name HN,4.5,1.6,1.6
resid 2 and name HD#,resid 2 and name HN,4.5,1.6,1.6
resid 2 and name HE#,resid 2 and name HN,4.5,1.6,1.6
resid 2 and name HG2,resid 2 and name HN,4.5,1.6,1.6
resid 2 and name HG1,resid 2 and name HN,4.5,1.6,1.6
resid 3 and name HB2,resid 3 and name HD21,4.5,1.6,1.6
resid 3 and name HB2,resid 3 and name HN,4.5,1.6,1.6
resid 3 and name HB1,resid 3 and name HD21,4.5,1.6,1.6
resid 3 and name HB1,resid 3 and name HD22,4.5,1.6,1.6
resid 3 and name HB1,resid 3 and name HN,4.5,1.6,1.6
resid 3 and name HB1,resid 5 and name HN,4.5,1.6,1.6
resid 3 and name HD21,resid 3 and name HN,4.5,1.6,1.6
resid 3 and name HN,resid 4 and name HN,4.5,1.6,1.6
resid 4 and name HA,resid 6 and name HD22,4.5,1.6,1.6
resid 4 and name HB1,resid 1 and name HN,4.5,1.6,1.6
resid 4 and name HB1,resid 3 and name HN,4.5,1.6,1.6
resid 4 and name HB1,resid 5 and name HN,4.5,1.6,1.6
resid 5 and name HB,resid 5 and name HN,4.5,1.6,1.6
resid 5 and name HG2#,resid 5 and name HN,4.5,1.6,1.6
resid 5 and name HG2#,resid 6 and name HN,4.5,1.6,1.6
resid 6 and name HA,resid 5 and name HN,4.5,1.6,1.6
resid 6 and name HA,resid 6 and name HN,4.5,1.6,1.6
resid 6 and name HB2,resid 2 and name HB2,4.5,1.6,1.6
resid 6 and name HB2,resid 2 and name HB1,4.5,1.6,1.6
resid 6 and name HB2,resid 6 and name HD21,4.5,1.6,1.6
resid 6 and name HB2,resid 6 and name HD22,4.5,1.6,1.6
resid 6 and name HB2,resid 6 and name HN,4.5,1.6,1.6
resid 6 and name HB1,resid 2 and name HB2,4.5,1.6,1.6
resid 6 and name HB1,resid 2 and name HB1,4.5,1.6,1.6
resid 6 and name HB1,resid 6 and name HD21,4.5,1.6,1.6
resid 6 and name HB1,resid 6 and name HD22,4.5,1.6,1.6
resid 6 and name HB1,resid 6 and name HN,4.5,1.6,1.6
resid 6 and name HN,resid 3 and name HN,4.5,1.6,1.6
resid 7 and name HA,resid 7 and name HB1,4.5,1.6,1.6
resid 7 and name HA,resid 7 and name HG2,4.5,1.6,1.6
resid 7 and name HB2,resid 1 and name HN,4.5,1.6,1.6
resid 7 and name HB1,resid 1 and name HN,4.5,1.6,1.6
resid 7 and name HD2,resid 6 and name HB2,4.5,1.6,1.6
resid 7 and name HD2,resid 6 and name HB1,4.5,1.6,1.6
resid 7 and name HD2,resid 7 and name HB2,4.5,1.6,1.6
resid 7 and name HD2,resid 7 and name HB1,4.5,1.6,1.6
resid 7 and name HD2,resid 7 and name HG2,3.5,1.2,1.2
resid 7 and name HD2,resid 7 and name HG1,4.5,1.6,1.6
resid 7 and name HD1,resid 6 and name HB2,4.5,1.6,1.6
resid 7 and name HD1,resid 6 and name HB1,4.5,1.6,1.6
resid 7 and name HD1,resid 6 and name HN,4.5,1.6,1.6
resid 7 and name HD1,resid 7 and name HB2,4.5,1.6,1.6
resid 7 and name HD1,resid 7 and name HB1,4.5,1.6,1.6
resid 7 and name HD1,resid 7 and name HG2,4.5,1.6,1.6
resid 7 and name HD1,resid 7 and name HG1,3.5,1.2,1.2