resid 2 and name HN,resid 6 and name HN,3.5,1.2,1.2
resid 2 and name HN,resid 7 and name HN,4.5,1.6,1.6
resid 5 and name HN,resid 6 and name HN,3.5,1.2,1.2
resid 6 and name HB,resid 7 and name HN,3.5,1.2,1.2
resid 7 and name HA,resid 7 and name HN,3.5,1.2,1.2
resid 7 and name HA,resid 7 and name HN,3.5,1.2,1.2
resid 7 and name HA,resid 7 and name HN,3.5,1.2,1.2
resid 7 and name HB#,resid 7 and name HN,3.5,1.2,1.2
resid 2 and name HA,resid 2 and name HN,4.5,1.6,1.6
resid 2 and name HB2,resid 2 and name HN,4.5,1.6,1.6
resid 2 and name HB2,resid 6 and name HN,4.5,1.6,1.6
resid 2 and name HB1,resid 2 and name HN,4.5,1.6,1.6
resid 2 and name HB1,resid 6 and name HN,4.5,1.6,1.6
resid 3 and name HA,resid 5 and name HN,4.5,1.6,1.6
resid 3 and name HB2,resid 2 and name HN,4.5,1.6,1.6
resid 3 and name HD2,resid 2 and name HN,4.5,1.6,1.6
resid 3 and name HD2,resid 3 and name HA,4.5,1.6,1.6
resid 3 and name HD2,resid 3 and name HB2,4.5,1.6,1.6
resid 3 and name HD2,resid 3 and name HB1,4.5,1.6,1.6
resid 3 and name HD2,resid 3 and name HG2,3.5,1.2,1.2
resid 3 and name HD2,resid 3 and name HG1,3.5,1.2,1.2
resid 3 and name HD1,resid 2 and name HN,4.5,1.6,1.6
resid 3 and name HD1,resid 3 and name HB2,4.5,1.6,1.6
resid 3 and name HD1,resid 3 and name HB1,4.5,1.6,1.6
resid 3 and name HD1,resid 3 and name HG2,4.5,1.6,1.6
resid 3 and name HD1,resid 3 and name HG1,4.5,1.6,1.6
resid 4 and name HA,resid 4 and name HB#,3.5,1.2,1.2
resid 4 and name HA,resid 4 and name HG2,4.5,1.6,1.6
resid 4 and name HA,resid 4 and name HG1,4.5,1.6,1.6
resid 4 and name HA,resid 5 and name HN,4.5,1.6,1.6
resid 4 and name HD2,resid 3 and name HA,4.5,1.6,1.6
resid 4 and name HD2,resid 3 and name HG2,4.5,1.6,1.6
resid 4 and name HD2,resid 4 and name HB#,4.5,1.6,1.6
resid 4 and name HD2,resid 4 and name HG2,4.5,1.6,1.6
resid 4 and name HD2,resid 4 and name HG1,4.5,1.6,1.6
resid 4 and name HD2,resid 5 and name HN,4.5,1.6,1.6
resid 4 and name HD2,resid 6 and name HN,4.5,1.6,1.6
resid 4 and name HD1,resid 3 and name HA,4.5,1.6,1.6
resid 4 and name HD1,resid 4 and name HB#,4.5,1.6,1.6
resid 4 and name HD1,resid 4 and name HG2,4.5,1.6,1.6
resid 4 and name HD1,resid 4 and name HG1,3.5,1.2,1.2
resid 5 and name HA,resid 5 and name HN,4.5,1.6,1.6
resid 5 and name HA,resid 6 and name HN,4.5,1.6,1.6
resid 5 and name HB#,resid 2 and name HN,4.5,1.6,1.6
resid 5 and name HB#,resid 5 and name HN,4.5,1.6,1.6
resid 5 and name HB#,resid 6 and name HN,4.5,1.6,1.6
resid 5 and name HD2,resid 5 and name HN,4.5,1.6,1.6
resid 5 and name HD1,resid 5 and name HN,4.5,1.6,1.6
resid 5 and name HE#,resid 5 and name HN,4.5,1.6,1.6
resid 5 and name HE#,resid 5 and name HZ#,3.5,1.2,1.2
resid 5 and name HG#,resid 5 and name HN,4.5,1.6,1.6
resid 5 and name HZ#,resid 5 and name HN,4.5,1.6,1.6
resid 6 and name HA,resid 6 and name HN,4.5,1.6,1.6
resid 6 and name HB,resid 6 and name HN,4.5,1.6,1.6
resid 6 and name HG2#,resid 2 and name HN,4.5,1.6,1.6
resid 6 and name HG2#,resid 4 and name HD2,4.5,1.6,1.6
resid 6 and name HG2#,resid 6 and name HN,4.5,1.6,1.6
resid 6 and name HG2#,resid 7 and name HN,4.5,1.6,1.6
resid 6 and name HG2#,resid 7 and name HN,4.5,1.6,1.6
resid 6 and name HN,resid 7 and name HN,4.5,1.6,1.6
resid 7 and name HA,resid 2 and name HN,4.5,1.6,1.6
resid 7 and name HB#,resid 2 and name HN,4.5,1.6,1.6
resid 7 and name HB#,resid 6 and name HN,4.5,1.6,1.6
resid 7 and name HB#,resid 7 and name HN,4.5,1.6,1.6
resid 7 and name HA,resid 2 and name HN,4.5,1.6,1.6
resid 7 and name HB#,resid 7 and name HN,4.5,1.6,1.6